Workbook

Sheet Simülatör
B2: ✈️ THY AIRCRAFT MAINTENANCE SIMULATOR
B3: Uçak Bakım Karar Destek Sistemi - Excel Simülasyonu
B4: Sistem Tarihi: 2026-01-18 | Referanslar: Papakostas (2010), Callewaert (2017), Kowalski (2021)
B6: 📋 UÇAK SEÇİMİ | E6: 🛫 UÇAK BİLGİLERİ | J6: ⚙️ BAKIM DURUMU
B8: Uçak Modeli: | C8: Boeing 777-300ER | E8: Model: | F8: =IFERROR(VLOOKUP($C$10,Veritabanı!$A$3:$O$290,2,FALSE),"-") | J8: A Check
E9: Kategori: | F9: =IFERROR(VLOOKUP($C$10,Veritabanı!$A$3:$O$290,3,FALSE),"-") | J9: İlerleme (%): | K9: =IFERROR(MIN(100,MAX(VLOOKUP($C$10,Veritabanı!$A$3:$O$290,8,FALSE)/600*100,VLOOKUP($C$10,Veritabanı!$A$3:$O$290,9,FALSE)/400*100)),0)
B10: Kuyruk Numarası: | C10: TC-JJA10 | E10: Toplam Uçuş Saati (FH): | F10: =IFERROR(VLOOKUP($C$10,Veritabanı!$A$3:$O$290,5,FALSE),"-") | J10: Durum: | K10: =IF(K9>=90,"🔴 KRİTİK",IF(K9>=75,"🟡 UYARI","🟢 NORMAL"))
E11: Toplam Döngü (FC): | F11: =IFERROR(VLOOKUP($C$10,Veritabanı!$A$3:$O$290,6,FALSE),"-")
B12: 💡 Kullanım: | E12: Son Bakım Tipi: | F12: =IFERROR(VLOOKUP($C$10,Veritabanı!$A$3:$O$290,7,FALSE),"-") | J12: B Check (Phased)
B13: 1. Yukarıdaki dropdown'lardan uçak seçin | E13: Son Bakımdan Beri FH: | F13: =IFERROR(VLOOKUP($C$10,Veritabanı!$A$3:$O$290,8,FALSE),"-") | J13: İlerleme (%): | K13: =IFERROR(MIN(100,VLOOKUP($C$10,Veritabanı!$A$3:$O$290,11,FALSE)/180*100),0)
B14: 2. Sağ taraftaki bakım durumu otomatik güncellenecek | E14: Son Bakımdan Beri FC: | F14: =IFERROR(VLOOKUP($C$10,Veritabanı!$A$3:$O$290,9,FALSE),"-") | J14: Durum: | K14: =IF(K13>=90,"🔴 KRİTİK",IF(K13>=75,"🟡 UYARI","🟢 NORMAL"))
B15: 3. Veritabanı sayfasından tüm uçakları görüntüleyebilirsiniz | E15: Son Bakım Tarihi: | F15: =IFERROR(VLOOKUP($C$10,Veritabanı!$A$3:$O$290,10,FALSE),"-")
E16: Günlük Ort. FH: | F16: =IFERROR(VLOOKUP($C$10,Veritabanı!$A$3:$O$290,14,FALSE),"-") | J16: C Check
E17: Mevcut Durum: | F17: =IFERROR(VLOOKUP($C$10,Veritabanı!$A$3:$O$290,15,FALSE),"-") | J17: İlerleme (%): | K17: =IFERROR(MIN(100,MAX(VLOOKUP($C$10,Veritabanı!$A$3:$O$290,8,FALSE)*2/6000*100,VLOOKUP($C$10,Veritabanı!$A$3:$O$290,11,FALSE)/730*100)),0)
J18: Durum: | K18: =IF(K17>=90,"🔴 KRİTİK",IF(K17>=75,"🟡 UYARI","🟢 NORMAL"))
B20: 📊 EN KRİTİK BAKIM | J20: D Check (Heavy)
B21: Bakım Tipi: | C21: =IF(MAX(K9,K13,K17,K21)=K9,"A Check",IF(MAX(K9,K13,K17,K21)=K13,"B Check",IF(MAX(K9,K13,K17,K21)=K17,"C Check","D Check"))) | J21: İlerleme (%): | K21: =IFERROR(MIN(100,VLOOKUP($C$10,Veritabanı!$A$3:$O$290,13,FALSE)/2190*100),0)
B22: İlerleme: | C22: =MAX(K9,K13,K17,K21) | J22: Durum: | K22: =IF(K21>=90,"🔴 KRİTİK",IF(K21>=75,"🟡 UYARI","🟢 NORMAL"))
B23: Genel Durum: | C23: =IF(C22>=90,"🔴 ACİL BAKIM GEREKLİ!",IF(C22>=75,"🟡 BAKIM YAKLAŞIYOR","🟢 NORMAL"))
B26: 📖 RENK KODLARI:
B27: 🔴 KRİTİK | C27: ≥90% - Acil bakım planlanmalı
B28: 🟡 UYARI | C28: 75-89% - Bakım penceresi yaklaşıyor
B29: 🟢 NORMAL | C29: <75% - Normal operasyon devam

Sheet Veritabanı
A1: 📊 THY FİLO VERİTABANI - VLOOKUP KAYNAK TABLOSU
A2: Kuyruk No | B2: Model | C2: Kategori | D2: Teslim Tarihi | E2: Toplam FH | F2: Toplam FC | G2: Son Bakım Tipi | H2: Son Bakımdan Beri FH | I2: Son Bakımdan Beri FC | J2: Son Bakım Tarihi | K2: Son Bakımdan Beri Gün | L2: Son D-Check | M2: Son D-Check Beri Gün | N2: Günlük Ort. FH | O2: Durum
A3: TC-JJA64 | B3: Boeing 777-300ER | C3: WIDE | D3: 2015-01-21 | E3: 29706 | F3: 5532 | G3: B | H3: 1292 | I3: 900 | J3: 2024-07-10 | K3: 557 | L3: 2021-07-26 | M3: 1637 | N3: 9.3 | O3: Aktif
A4: TC-JJB49 | B4: Boeing 777-300ER | C4: WIDE | D4: 2017-01-20 | E4: 22141 | F4: 3256 | G4: B | H4: 301 | I4: 1041 | J4: 2025-02-15 | K4: 337 | L4: 2024-10-16 | M4: 459 | N4: 8.5 | O4: Aktif
A5: TC-JJB56 | B5: Boeing 777-300ER | C5: WIDE | D5: 2023-01-19 | E5: 40186 | F5: 5042 | G5: A | H5: 304 | I5: 366 | J5: 2025-01-10 | K5: 373 | L5: 2024-08-06 | M5: 530 | N5: 10.9 | O5: Bakımda
A6: TC-JJC52 | B6: Boeing 777-300ER | C6: WIDE | D6: 2023-01-19 | E6: 33210 | F6: 6005 | G6: B | H6: 554 | I6: 1125 | J6: 2024-07-26 | K6: 541 | L6: 2021-08-24 | M6: 1608 | N6: 11.5 | O6: Aktif
A7: TC-JJC82 | B7: Boeing 777-300ER | C7: WIDE | D7: 2024-01-19 | E7: 19501 | F7: 2239 | G7: B | H7: 1233 | I7: 935 | J7: 2025-03-12 | K7: 312 | L7: 2024-11-29 | M7: 415 | N7: 8.6 | O7: Bakımda
A8: TC-JJD67 | B8: Boeing 777-300ER | C8: WIDE | D8: 2012-01-22 | E8: 29518 | F8: 4243 | G8: C | H8: 5321 | I8: 3128 | J8: 2024-08-14 | K8: 522 | L8: 2024-10-22 | M8: 453 | N8: 14 | O8: Bakımda
A9: TC-JJD82 | B9: Boeing 777-300ER | C9: WIDE | D9: 2014-01-21 | E9: 21104 | F9: 2815 | G9: C | H9: 3265 | I9: 1354 | J9: 2024-08-26 | K9: 510 | L9: 2020-08-08 | M9: 1989 | N9: 11.9 | O9: Bakımda
A10: TC-JJE23 | B10: Boeing 777-300ER | C10: WIDE | D10: 2023-01-19 | E10: 24361 | F10: 3440 | G10: A | H10: 195 | I10: 208 | J10: 2025-02-23 | K10: 329 | L10: 2023-09-25 | M10: 846 | N10: 12.3 | O10: Bakımda
A11: TC-JJE31 | B11: Boeing 777-300ER | C11: WIDE | D11: 2013-01-21 | E11: 28080 | F11: 4803 | G11: C | H11: 4500 | I11: 1053 | J11: 2024-07-02 | K11: 565 | L11: 2021-01-04 | M11: 1840 | N11: 10.2 | O11: Aktif
A12: TC-JJF54 | B12: Boeing 777-300ER | C12: WIDE | D12: 2013-01-21 | E12: 36205 | F12: 6596 | G12: C | H12: 4206 | I12: 1606 | J12: 2025-11-01 | K12: 78 | L12: 2024-01-08 | M12: 741 | N12: 12.5 | O12: Aktif
A13: TC-JJF95 | B13: Boeing 777-300ER | C13: WIDE | D13: 2018-01-20 | E13: 8179 | F13: 927 | G13: A | H13: 286 | I13: 64 | J13: 2025-08-07 | K13: 164 | L13: 2025-11-24 | M13: 55 | N13: 10 | O13: Aktif
A14: TC-JJG12 | B14: Boeing 777-300ER | C14: WIDE | D14: 2014-01-21 | E14: 27483 | F14: 3335 | G14: A | H14: 299 | I14: 294 | J14: 2025-07-14 | K14: 188 | L14: 2021-12-10 | M14: 1500 | N14: 8.6 | O14: Bakımda
... A285: TC-NBK87 | B285: Airbus A320 NEO | C285: NARROW | D285: 2021-01-19 | E285: 15803 | F285: 5383 | G285: C | H285: 2662 | I285: 2370 | J285: 2024-08-26 | K285: 510 | L285: 2024-01-06 | M285: 743 | N285: 6.7 | O285: Bakımda

Sheet Bakım Kuralları
A1: 📋 BAKIM LİMİTLERİ VE KURALLARI (EASA/FAA Standartları)
A3: Bakım Tipi | B3: FH Limiti | C3: FC Limiti | D3: Zaman Limiti | E3: Tahmini Süre
A4: A Check | B4: 600 | C4: 400 | D4: - | E4: 1 gün (24 saat)
A5: B Check (Phased Maintenance) | B5: - | C5: - | D5: 180 gün (6 ay) | E5: 3 gün (72 saat)
A6: C Check | B6: 6000 | C6: - | D6: 730 gün (2 yıl) | E6: 7 gün (168 saat)
A7: D Check (Heavy Maintenance) | B7: - | C7: - | D7: 2190 gün (6 yıl) | E7: 30 gün (720 saat)
A9: 📐 HESAPLAMA FORMÜLLERİ:
A11: A Check İlerleme (%) | B11: MAX(Son_Bakımdan_Beri_FH / 600 , Son_Bakımdan_Beri_FC / 400) * 100
A12: B Check İlerleme (%) | B12: Son_Bakımdan_Beri_Gün / 180 * 100
A13: C Check İlerleme (%) | B13: MAX(Son_Bakımdan_Beri_FH * 2 / 6000 , Son_Bakımdan_Beri_Gün / 730) * 100
A14: D Check İlerleme (%) | B14: Son_D_Check_Beri_Gün / 2190 * 100
A15: Durum | B15: IF(İlerleme >= 90, "KRİTİK", IF(İlerleme >= 75, "UYARI", "NORMAL"))

Sheet Akademik Referanslar
A1: 📚 AKADEMİK REFERANSLAR
A3: Papakostas et al. (2010)
A4: 📄 Operational Aircraft Maintenance Planning: A Multi-objective Approach
A5: 💡 B Check modern havacılıkta 'Phased Maintenance' olarak uygulanır.
A7: Callewaert et al. (2017)
A8: 📄 Integrating maintenance work progress monitoring in a stochastic framework
A9: 💡 Bakımların %15'inde Non-Routine Finding çıkar, süre 1-3 gün uzar.
A11: Kowalski et al. (2021)
A12: 📄 Resource-constrained project scheduling for aircraft maintenance
A13: 💡 Hangar kapasitesi sınırlıdır, eş zamanlı max 5 geniş gövde bakımı.
A15: Hollander (2025)
A16: 📄 Uncertainty Quantification in Aviation Maintenance Planning
A17: 💡 Belirsizlik olasılık dağılımlarıyla modellenmelidir.
